visit_id,rep_id,customer_id,visit_date,duration_minutes,purpose,notes
VISIT00010,REP004,CUST0048,,45,Follow-up,Drop point audience thousand. Would value car. Inside national common likely would authority onto.
VISIT00020,REP012,CUST0001,,30,Follow-up,"Seat draw word collection those become. Land enter economic attack either blue.
History run why."
VISIT00030,REP014,CUST0008,,45,Support,"Growth quality international break surface.
System professional color."
VISIT00040,REP010,CUST0008,,60,Product Info,Home player source statement.
VISIT00050,REP006,CUST0050,,60,Support,Happen a point here control affect task. Draw return probably much hold model marriage necessary.
VISIT00060,REP020,CUST0031,,30,Product Info,Wide exactly all worker. Move coach paper cost bring site final tax. Even beautiful theory.
VISIT00070,REP010,CUST0042,,60,Follow-up,"Alone audience road since. To chance policy.
Entire record toward off middle vote."
VISIT00080,REP002,CUST0027,,45,Follow-up,Chance expect what. Under Republican expect win stuff realize project child.
VISIT00090,REP015,CUST0033,,30,Support,Compare system white magazine after teacher base. Fear as western to public though however style.
VISIT00100,REP004,CUST0050,,45,Follow-up,"Another adult thing ground city still thus. Southern front box.
No main year size. Show news to."
VISIT00110,REP003,CUST0023,,30,Product Info,Culture forget as personal agreement. Space or phone free economy blue.
VISIT00120,REP014,CUST0026,,60,Support,Scene serious people art hear. Dark heart politics draw rise.
VISIT00130,REP017,CUST0048,,30,Product Info,Of of event seat some Congress machine popular.
VISIT00140,REP020,CUST0019,,60,Follow-up,Financial those stage. Could century interview lawyer population I right case.
